Entity,Age Group,Value
Africa,Ages <13,1.2718359
Asia,Ages <13,7.7953706
Europe,Ages <13,9.083381
High-income countries,Ages <13,2.473921
Lower-middle-income countries,Ages <13,8.800553
Upper-middle-income countries,Ages <13,6.5811706
World,Ages <13,7.5053473
United States,Ages <13,4.972
Africa,Ages 13-19,14.229228
Asia,Ages 13-19,9.628078
Europe,Ages 13-19,22.210781
High-income countries,Ages 13-19,24.484507
Lower-middle-income countries,Ages 13-19,8.485406
Upper-middle-income countries,Ages 13-19,14.341692
World,Ages 13-19,11.454613
United States,Ages 13-19,11.456
Africa,Ages 20-29,22.26465
Asia,Ages 20-29,23.403633
Europe,Ages 20-29,22.034777
High-income countries,Ages 20-29,10.832585
Lower-middle-income countries,Ages 20-29,26.288944
Upper-middle-income countries,Ages 20-29,16.935555
World,Ages 20-29,22.213495
United States,Ages 20-29,24.3975
Africa,Ages 30-39,16.80309
Asia,Ages 30-39,12.663021
Europe,Ages 30-39,7.6283197
High-income countries,Ages 30-39,16.975899
Lower-middle-income countries,Ages 30-39,8.428943
Upper-middle-income countries,Ages 30-39,18.964176
World,Ages 30-39,12.515957
United States,Ages 30-39,24.0854
Africa, Ages >40,2.7064757
Asia, Ages >40,9.983976
Europe, Ages >40,24.53128
High-income countries, Ages >40,16.11568
Lower-middle-income countries, Ages >40,7.3487206
Upper-middle-income countries, Ages >40,18.10031
World, Ages >40,11.407292
United States, Ages >40,9.5826
Africa,Refused,42.724724
Asia,Refused,36.525925
Europe,Refused,14.511458
High-income countries,Refused,29.117413
Lower-middle-income countries,Refused,40.647434
Upper-middle-income countries,Refused,25.077103
World,Refused,34.903294
United States,Refused,25.5065
